<?xml version="1.0" encoding="iso-8859-1"?>
<mosinstall type="component" version="4.5.1">
	<name>Correo Masivo</name>
	<author>Proyecto Joomla!</author>
	<creationDate>February 2005</creationDate>
	<copyright>(C) 2005 Open Source Matters. All rights reserved.</copyright>
	<license>http://www.gnu.org/copyleft/gpl.html GNU/GPL</license>
	<authorEmail>admin@joomla.org</authorEmail>
	<authorUrl>www.joomla.org</authorUrl>
	<version>1.0.0</version>
	<description>Este componente permite enviar correos electr�nicos a ciertos grupos de usuarios</description>
	<params/>
</mosinstall>

