<?xml version="1.0" encoding="iso-8859-1"?>
<mosinstall type="module">
	<name>Popular Items</name>
	<author>Joomla! Project</author>
	<creationDate>July 2004</creationDate>
	<copyright>(C) 2005 Open Source Matters. All rights reserved.</copyright>
	<license>http://www.gnu.org/copyleft/gpl.html GNU/GPL</license>
	<authorEmail>admin@joomla.org</authorEmail>
	<authorUrl>www.joomla.org</authorUrl>
	<version>1.0.0</version>
	<description>Este modulo muestra estadisticas de art�culos que todavia son actuales (puede que algunos hayan expirado aunque sean mas recientes). Los art�culos que esten en la portada o frontpage no aparecen en la lista.</description>
	<files>
		<filename module="mod_stats">mod_stats.php</filename>
	</files>
	<params/>
</mosinstall>
