<?xml version="1.0" encoding="iso-8859-1"?>
<mosinstall type="component" version="1.0.0">
  <name>Banners</name>
  <author>Projecto Joomla!</author>
  <creationDate>July 2004</creationDate>
  <copyright>(C) 2005 Open Source Matters. All rights reserved.</copyright>
  <license>http://www.gnu.org/copyleft/gpl.html GNU/GPL</license>
  <authorEmail>admin@joomla.org</authorEmail>
  <authorUrl>www.joomla.org</authorUrl>
  <version>1.0.0</version>
  <description>Este componente gestiona los banners y los clientes de los banners</description>
  <params />
</mosinstall>
