<?xml version="1.0" encoding="iso-8859-1"?>
<mosinstall type="component" version="1.0.0">
	<name>Enlaces Web</name>
	<author>Projecte Joomla!</author>
	<creationDate>July 2004</creationDate>
	<copyright>(C) 2005 Open Source Matters. All rights reserved.</copyright>
	<license>http://www.gnu.org/copyleft/gpl.html GNU/GPL</license>
	<authorEmail>admin@joomla.org</authorEmail>
	<authorUrl>www.joomla.org</authorUrl>
	<version>1.0.0</version>
	<description>Este componente muestra una lista de enlaces Web</description>
	<params>
		<param name="target" type="list" default="0" label="Destino" description="Ventana de destino al hacer clic">
			<option value="0">Misma ventana</option>
			<option value="1">Ventana nueva</option>
			<option value="2">Ventana nueva barra de navegaci�n</option>
		</param>
	</params>
</mosinstall>
